id,name,model_id:id,group_id:id,perm_read,perm_write,perm_create,perm_unlink
prediction.access_prediction_applicant,access_prediction_applicant,prediction.model_prediction_applicant,base.group_user,1,1,1,1
prediction.access_job_posting,access_job_posting,prediction.model_job_posting,base.group_user,1,1,1,1
prediction.access_skill_report,access_skill_report,prediction.model_skill_report,base.group_user,1,1,1,1
prediction.access_prediction_source,access_prediction_source,prediction.model_prediction_source,base.group_user,1,1,1,1
prediction.access_prediction_stage,access_prediction_stage,prediction.model_prediction_stage,base.group_user,1,1,1,1
prediction.access_refuse_reason,access_refuse_reason,prediction.model_refuse_reason,base.group_user,1,1,1,1
prediction.access_get_refuse_reason,access_get_refuse_reason,prediction.model_get_refuse_reason,base.group_user,1,1,1,1
prediction.access_applicant_call_request,access_applicant_call_request,prediction.model_applicant_call_request,base.group_user,1,1,1,1






