<?xml version="1.0"?>
<odoo>
<data noupdate="1">

    <!-- Meeting Types (for interview meetings) -->
    <record model="calendar.event.type" id="categ_meet_interview">
        <field name="name">Interview</field>
    </record>

    <record model="prediction.stage" id="stage_job0">
        <field name="name">New</field>
        <field name="sequence">0</field>
        <!-- <field name="template_id" ref="email_template_data_applicant_congratulations"/>  -->
    </record>
    
    <record model="prediction.stage" id="stage_job2">
        <field name="name">Phone / Screening</field>
        <field name="sequence">1</field>
    </record>
    <record model="prediction.stage" id="stage_job3">
        <field name="name">Technical Interview</field>
        <field name="sequence">2</field>
    </record>
    <record model="prediction.stage" id="stage_job4">
        <field name="name">Contract Proposal</field>
        <field name="sequence">3</field>
    </record>
    <record model="prediction.stage" id="stage_job5">
        <field name="name">Contract Signed</field>
        <field name="sequence">4</field>
        <field name="fold" eval="True"/>
        <field name="hired_stage">True</field>
    </record>

    <record id="refuse_reason_1" model="refuse.reason">
            <field name="name">Doesn't fit the job requirements</field>
           
        </record>
        <record id="refuse_reason_2" model="refuse.reason">
            <field name="name">Refused by Applicant: don't like job</field>
        </record>
        <record id="refuse_reason_3" model="refuse.reason">
            <field name="name">Refused by Applicant: better offer</field>
        </record>
        <record id="refuse_reason_4" model="refuse.reason">
            <field name="name">Language issues</field>
           
        </record>
        <record id="refuse_reason_5" model="refuse.reason">
            <field name="name">Role already fulfilled</field>
           
        </record>
        <record id="refuse_reason_6" model="refuse.reason">
            <field name="name">Duplicate</field>
           
        </record>
        <record id="refuse_reason_7" model="refuse.reason">
            <field name="name">Spam</field>
           
        </record>
        <record id="refuse_reason_8" model="refuse.reason">
            <field name="name">Refused by Applicant: salary</field>
        </record>


</data>
</odoo>
